{"Y1_beta": [0.08307205503494362, 0.19661099591838496, 0.30065286908069444], "U0V_rho": 0.21604485526733774, "D_gamma": [0.011324265852887067, -0.02438283338313672], "Y0_beta": [-0.07643439979292464, 0.19647551960739895, 0.3078035338255416], "U0_var": 0.028579699171858246, "U1_var": 0.01424425072427757, "U1V_rho": -0.27107780589981645}